State,Total Funding Received,"Agriculture, Forestry, Fishing and Hunting (State as % of US)","Agriculture, Forestry, Fishing and Hunting (as % of Total Funding Received by State)","Mining, Quarrying, and Oil and Gas Extraction (State as % of US)","Mining, Quarrying, and Oil and Gas Extraction (as % of Total Funding Received by State)",Utilities (State as % of US),Utilities (as % of Total Funding Received by State),Construction (State as % of US),Construction (as % of Total Funding Received by State),Manufacturing (State as % of US),Manufacturing (as % of Total Funding Received by State),Wholesale Trade (State as % of US),Wholesale Trade (as % of Total Funding Received by State),Retail Trade (State as % of US),Retail Trade (as % of Total Funding Received by State),Transportation and Warehousing (State as % of US),Transportation and Warehousing (as % of Total Funding Received by State),Information (State as % of US),Information (as % of Total Funding Received by State),Finance and Insurance (State as % of US),Finance and Insurance (as % of Total Funding Received by State),Real Estate and Rental and Leasing (State as % of US),Real Estate and Rental and Leasing (as % of Total Funding Received by State),"Professional, Scientific, and Technical Services (State as % of US)","Professional, Scientific, and Technical Services (as % of Total Funding Received by State)",Administrative and Support and Waste Management and Remediation Services (State as % of US),Administrative and Support and Waste Management and Remediation Services (as % of Total Funding Received by State),Educational Services (State as % of US),Educational Services (as % of Total Funding Received by State),Health Care and Social Assistance (State as % of US),Health Care and Social Assistance (as % of Total Funding Received by State),"Arts, Entertainment, and Recreation (State as % of US)","Arts, Entertainment, and Recreation (as % of Total Funding Received by State)",Accommodation and Food Services (State as % of US),Accommodation and Food Services (as % of Total Funding Received by State),Other Services (except Public Administration) (State as % of US),Other Services (except Public Administration) (as % of Total Funding Received by State),Public Administration (not covered in economic census) (State as % of US),Public Administration (not covered in economic census) (as % of Total Funding Received by State)
Alaska,3928819485.0,0.41443975757963153,0.04845236609286466,0.5749433369131705,0.028347370100665237,8.131483002806423,3.3323302712137717,3.0136955726748025,20.234117653791873,0.18355536391617816,8.388380103953796,0.5592378345628246,0.9384527881916672,0.10041991244652174,0.037204789010559486,1.2294684185212335,5.000167372159121,0.3533782318734688,1.1115431789811538,0.017532185729847095,0.07447173409648268,0.3511125147814231,0.0981334218769789,0.4944507901362917,17.57317269566535,3.3006472804459364,39.416753910748845,2.221610411721216,2.4246373589750205,0.053723469777726886,0.12424648214653211,0.7652471098722577,0.021263715556022803,1.2602723904398345,0.3925041111935943,0.3918857204093586,0.295952385809347,2.165813296904575,0.45986829043635735
Alabama,11684448534.0,0.34754983567404374,0.013662322148579032,0.3728974867156664,0.006182029026856596,0.92068930501917,0.12686599591641456,7.943452239859729,17.932797092672786,1.863819772211885,28.639721534674866,0.3941253172815141,0.22238427362993937,0.16062401699424494,0.020009827534407453,4.885670180744019,6.6810568143497795,0.4937345345060809,0.5221964376192271,0.36613167908526084,0.522933622602749,0.12473107743455691,0.011721931043767649,3.3779622459356875,40.367861960065355,0.6541534773883456,2.6267288790473264,1.3945039549306917,0.511743689280732,1.5270339560718211,1.1874698630085985,0.21239169892932108,0.001984398316491399,1.8699452300421158,0.19582247235220696,1.4085413088347785,0.3576727466289168,0.7169169574814114,0.05118411008099699
Arkansas,491994834.0,1.5200455481704527,1.4190957948147886,0.516355971933612,0.20330050863908056,0.38453655876749787,1.2583963432429048,0.3517156687523151,18.857240480699843,0.11000428002410205,40.14413797686339,0.13096366959665484,1.7549641588309846,0.06507791311611376,0.19253698098789387,0.07535217085064431,2.447171833515634,0.06043009895400979,1.5178937834131812,0.0,0.0,0.02549621345649781,0.05690466253960707,0.03872826627792279,10.991493052953478,0.16216839279013556,15.464984333555016,0.056162956751229356,0.4894748549331313,0.2206929282873749,4.075773080170187,0.03435039509824442,0.00762203125084033,0.1610387491594961,0.40050847363165604,0.06684716305406622,0.40313167190694527,0.18599718303221505,0.31536997805143624
Arizona,12864061523.0,1.800200150084805,0.06427740558622326,1.6442648339079255,0.02475959085165516,2.85622657713183,0.35748259535123494,1.4581262626368086,2.9899504391541614,4.354210578501302,60.77212416951219,0.3051778563827419,0.15640580514969293,0.30898570942691184,0.03496241052608964,1.2760700772092828,1.5849868226722412,2.738795759198036,2.631056399993556,0.12698350014078397,0.164735297340664,1.7603639685738879,0.15026473532825624,1.3391986513513021,14.536373443617586,0.32955940505620557,1.201986019139781,2.8984026433954435,0.9660988699237582,19.42778938441228,13.722315497666637,1.3931137075938647,0.011822463669664773,1.6493413467586902,0.15688242755926687,1.8532271634974702,0.4274398711611323,0.71051927504541,0.04607573579621475
California,60323123888.0,19.295045985501424,0.14691889326645147,20.509175923584593,0.06585885716688333,9.03067519843357,0.2410331372591995,12.565235748909931,5.494570919692288,15.274977288698066,45.46423059574955,3.12778602696829,0.3418465253604374,4.658264671277424,0.1124039101918733,9.7001292884308,2.56934804781939,5.923450715791242,1.213499425790878,21.364466348783015,5.910520178994348,6.595740503140646,0.12006389976499156,12.32336598926222,28.525594196594767,6.984764275831007,5.432650228931394,11.216703368311896,0.7973011243465727,17.014862288070386,2.562870939625765,4.391644884699463,0.007947726661008892,5.500332616260083,0.11156988674021304,11.611035446289367,0.5710992746987559,22.46527487037222,0.31067223134523486
Colorado,10963105723.0,3.3100282098343508,0.1386799724835601,0.6667924498418509,0.01178167056521416,1.8433551901036123,0.2707171557940471,2.534424991750078,6.098075626484588,0.9615033887299436,15.74672754799995,0.3010343978848978,0.1810341385138898,0.13513508983004283,0.017942196761573638,9.469175982108947,13.800913219561405,4.218398943515916,4.755132981216439,0.013533427723771597,0.020601160447278485,0.42510342453001926,0.04257882864530686,3.0364990039191113,38.67485708091625,3.3781044210022615,14.457169811605947,2.5136661779526643,0.9831390914517772,3.4793038097206366,2.883638879234404,1.3712210557845836,0.013654424556533122,1.4487536983154605,0.1616973186969238,6.268355782036754,1.6964634903576037,0.5939547477524418,0.045195404707308956
Connecticut,13640661751.0,0.10119147462484866,0.0034074080017850003,0.02503858855253407,0.0003555692596544615,0.6615553977344542,0.07808563246001715,0.4734262337811311,0.9155115879245732,6.080485646880046,80.03425823677254,0.17828693309022042,0.08617117860237454,0.10722646781804342,0.011442150157308744,3.6545884379619595,4.280872326133234,0.06730974097392617,0.060980516574939594,0.03112213738435688,0.03807601196195075,1.9472244901242477,0.15675207251900722,1.3042706074160908,13.35123512513231,0.13436296390591143,0.4621553129222521,0.17489285189224874,0.05497656299152961,0.3323867383834418,0.2214065017614408,0.6751226652608958,0.005403146954699383,0.6618605217612452,0.05937079994968933,0.7384153063305648,0.16061634252014081,0.309430258352502,0.018923517400545212
Delaware,394681305.0,0.10900018650383447,0.126851713941708,0.1126968792085357,0.05531146199083334,0.15184127314771587,0.6194177350254783,0.06989489502501818,4.671387209485385,0.04847154689550583,22.050245070513284,0.023596122101858522,0.39415953588174135,0.012840850165998719,0.047357449575677266,0.24904176292571584,10.082189730268578,0.014020458729442015,0.4389997646328853,0.8843319906194728,37.39265126834421,0.054923299575715186,0.1528068323378023,0.02348572640064802,8.308959047350875,0.0864688394935042,10.279142560350053,0.2261305820533024,2.456708964211011,0.03027869821282049,0.6970641794143252,0.2145947042682885,0.05935700450772555,0.272692595736398,0.8454124777964844,0.16788909518526124,1.2621193192821738,0.02832038360853919,0.05985867508976642
Florida,17083454059.0,3.5918992609765144,0.09657486678642872,0.21410620865208937,0.002427746745872523,5.6430393815019615,0.5318360249994922,6.523770445599148,10.07325789068638,4.079878899363161,42.87900357680237,1.6219095548005376,0.6259345248958356,0.5936398176998425,0.05058111767185454,4.830961733652224,4.518425778148429,1.0076971199312617,0.7289587490323346,0.5687803491817695,0.5556308851370324,6.69166357684782,0.43012147160772246,3.0313492558961834,24.77704268341487,2.857421389017026,7.847700525724228,6.37233471331122,1.5994249292698028,5.536427163508554,2.9446659104338453,11.014540293242453,0.07038663819665439,4.344049191484231,0.31114362948163327,7.744700389651345,1.345096426088033,12.528559457580965,0.6117866248771817
Georgia,9908177819.0,0.6913952847916165,0.03205149380656266,18.962753728915498,0.3707297312484779,4.1359653403257095,0.6720838404040758,3.008385459910292,8.009154190574383,3.031430728156846,54.932194964879244,0.6699643174333492,0.44579566300575296,1.6133235190035817,0.23701113796088602,3.0777201565567345,4.963231998692897,1.1235475881992651,1.4013489718941428,0.20673317573842256,0.34820408585967466,6.977693119985933,0.7733049345670004,1.4277897812724705,20.12146761412498,0.9540530792510608,4.5177538007203175,1.3402336190011632,0.5799995826659478,1.2981654506366256,1.190469783190717,12.024091993106104,0.1324823518490792,6.46509012752281,0.7984039088227026,1.0001007129181738,0.2994845524784379,2.0764847718201827,0.1748273932547193
Hawaii,1434611524.0,0.0755982238669326,0.024204322507589172,0.5816121028799683,0.07853240972571471,1.183393528055272,1.328113616909716,1.6962973292661918,31.189946442950784,0.14650259968551788,18.335135024330114,0.030085520572348645,0.13826147126363109,0.054860591721236904,0.055663082767763966,0.17778254317210154,1.980085934399618,0.21898447393003617,1.8863732478981536,0.0,0.0,0.2176003574016014,0.1665551238106463,0.22163421866607094,21.57206273773108,0.4515328316207257,14.767223004685693,0.060783556116619106,0.18167399023347033,1.0691690258891753,6.771644893046322,2.065291398981671,0.15716164008731326,0.7517453644769744,0.6411775484943059,0.3102052586703216,0.6415630187005245,0.14552767599841274,0.08462249045756305
Iowa,1807685466.0,0.8796861075043023,0.2235221268300002,0.06579250250847918,0.007050230938793198,0.1512304239476796,0.1346966076674757,0.30045776382394973,4.384373359784484,0.6818921007033424,67.72763171621362,0.01936566121381163,0.070629709870113,0.3650438855604824,0.2939431167612209,0.10785143498631268,0.9533059442100974,0.020525841529841805,0.1403223098105055,0.012424119367387696,0.11469915751372202,0.10298551244933392,0.0625584495350476,0.267473081058388,20.660764664243864,0.09398949227465031,2.439496794626549,0.20328398330546069,0.4821933994572483,0.2377857790720011,1.195212519344336,7.029707595696766,0.4245354152778258,0.08818723847720006,0.05969318337153683,0.2818396516472211,0.46259795508031154,0.35272124283611056,0.16277333946324932
Idaho,3069747403.0,5.518385355979738,0.8257052347443585,0.6424745299136898,0.04054180480073852,0.1102119778024096,0.057805147038021615,0.7599601752801912,6.530330469669591,0.3091184387175714,18.079872645469262,4.65678359668135,10.001413298695443,0.06897851259862099,0.032707870328964654,0.2518820863110224,1.3110639644378583,0.009072195285431454,0.03652232098655187,0.00017029684210531412,0.0009258090738093216,1.0035423925424027,0.3589763115111918,0.8167905786116451,37.153288146295075,1.61961531811886,24.7544367740931,0.029886398180717144,0.04174571493236312,0.16014920094766874,0.47402828603353975,0.08428854148680419,0.0029975430522418134,0.301694642420928,0.12025601834184531,0.10285464332558114,0.09941358683185439,0.286913101358339,0.07796905366418515
Illinois,10644456151.0,0.2691555238526735,0.011614365097308014,0.14348894327585252,0.002611227817157082,0.5279078037395817,0.07985000717205736,4.664287153335997,11.558694042667582,2.3593917661755346,39.79693984273711,16.211316493811495,10.040902868481364,9.2259662807935,1.2616226239739243,0.6773101507309466,1.0167012242314792,1.0535261166117842,1.2231238886522988,0.2896283394715486,0.454082804366282,3.334693678401347,0.3440053346131728,2.2289254643808714,29.238914500179614,0.704184792255202,3.103894697043409,0.5295310420805717,0.2133088687472954,0.9675777928808754,0.8259324643066961,0.2634730264667504,0.0027021671743462285,0.3754115455200248,0.0431544922054891,2.5368166180076304,0.707115045919268,0.9548210782497661,0.07482953461414471
Indiana,4122811345.0,0.315963599389241,0.035201343902385135,0.21436329531035422,0.010071792406984366,0.4914585220325288,0.19192597812161108,0.37931120096463133,2.4268848517976513,1.5935214405079487,69.39649643367322,0.18180267298301916,0.2907265939911689,0.09140312957880928,0.032270722297626744,0.39389470700272844,1.5265671827630036,0.33905804856529564,1.0163170587666073,1.5859092540130677,6.419516947361073,0.11759123062633997,0.03131945393441232,0.38366862087870046,12.994273256032288,0.17901985766217027,2.0372839300994015,0.285132015265158,0.2965469670308186,1.1767650047052807,2.593453133131417,0.08471723441763027,0.0022432508368873715,0.3419193307210491,0.10147803646348993,0.7399527607139189,0.5325188848775714,0.3207684332733703,0.06490418251238222
Kansas,1154904653.0,1.4623296163157948,0.5815871450991548,0.09583395613178576,0.01607396762302247,0.6189974998075778,0.86294500365131,0.9998347437716885,22.836474536223033,0.2385652671669865,37.08806539893644,0.09343794305168059,0.5334025613281514,0.04561050248223689,0.05748569791241459,0.648910822186414,8.977762772941222,0.02844165342844404,0.3043388032830101,0.011414580272828335,0.16494201448160586,0.6540518954839826,0.6218688253912508,0.12248809572488412,14.809381757681775,0.22513283479537338,9.14611216827438,0.19354677999523334,0.7185893639308075,0.27805260604357374,2.187575046509056,0.4332647394110327,0.04095498262747063,0.46424793046683,0.4918647600253455,0.16044755577849923,0.4122032920755753,0.20541079874348364,0.14837190200497008
Kentucky,6533831411.0,0.5319686328265276,0.03739674084468048,0.9988384535686163,0.02961264039874995,1.9671603793164472,0.48474372856756287,1.1599504190827254,4.682938642782805,0.2894195633212975,7.953037969806902,0.11766742617301189,0.1187315911907296,0.18392738008607615,0.04097505478168206,1.1697759465852826,2.8606452361983052,0.09098402574663003,0.17208612057345904,24.681322051292103,63.04025676367425,0.3768387667965816,0.06333158509467393,0.1383800950327075,2.957296551525608,1.8682907230051256,13.415916525245036,3.0066774485907,1.973148997737432,1.2429313377547015,1.728467967659351,0.6399212963747509,0.010691980800482273,1.0946219471933003,0.20499255578359152,0.2833706686544385,0.12868011846533395,0.7601258281844566,0.09704922886936729
Louisiana,2581329222.0,1.0139320748310467,0.18041852082670917,9.323936840064873,0.6996900994289368,1.1007005706808497,0.6865404787952305,2.40614631448101,24.588135662456775,0.5424837673139086,37.732575167043144,0.08659249609659855,0.22116419522716732,0.18503929516831685,0.10434259903946495,1.5086365012612228,9.338356570156241,0.04743121228629815,0.2270750646621704,0.010380707065820359,0.06711212910136884,0.5555474904445684,0.2363254538788931,0.09901019839910609,5.355816756023227,0.986877879282967,17.93757917640774,0.2672040197625342,0.4438544259427285,0.3620261592004411,1.2743205213674214,0.21092333404018815,0.008920326707555477,0.7085058186590728,0.3358473195171538,0.41382692715881064,0.4756635029485596,0.2669245693089954,0.08626203046950978
Massachusetts,15134670084.0,1.5922539807541498,0.048323128019365946,0.20187136166237643,0.002583756354315255,1.601564990309056,0.17037739083100584,1.7342286601418906,3.0225978330615586,3.9938432883050567,47.37957469307991,4.896292637448954,2.132909195961037,2.8957341020971543,0.27850102953060185,0.6839691085814279,0.7220923904746016,1.4308786410537577,1.1683647943336297,1.0565202362195094,1.1649903831494712,1.3603688064869481,0.0986998323524209,3.970435326540208,36.631469805615616,0.49952251755247024,1.54855247388424,6.0656735619039,1.718490126025003,3.918049001397757,2.352225896065988,19.00070395409688,0.13705543553228075,0.48192460645201063,0.03896260683101389,6.651670085564996,1.3040139091544667,1.4553108042376748,0.08021531974347067
Maryland,32117824970.0,1.0845862543658666,0.015510779464839957,0.6113293588699611,0.0036870491731806707,4.03581644317801,0.20231385861494097,5.33246747952754,4.379545617780356,2.5111532033446826,14.037836466857115,3.0337373532259684,0.6227443707250516,24.465280758304075,1.1087794280360945,3.6311862020247485,1.806473653000918,9.956619473147407,3.831019846920848,3.173218513451522,1.6488127278065805,8.23646657182163,0.28159667438401886,11.83136496119798,51.4372688512724,11.273128452741041,16.46804871731014,7.488717883404089,0.9997750822165964,3.3521006166958562,0.9483159189157261,5.017986324878708,0.017056223468173412,23.730390970130863,0.9040670259309904,12.812061632800752,1.1835793343885328,3.9874822252584714,0.10356837373349692
Maine,1748858405.0,0.2064850974422936,0.05423126293634961,0.013007139441046731,0.0014407112621561836,0.4923112886330878,0.45323715043700186,0.3845497321908025,5.800224861543322,0.6377384924351104,65.4728247710826,0.006941383168128113,0.026167927528701215,0.0021204361454036976,0.0017648655781255201,0.005075880955258569,0.04637522384209258,0.004667765258342724,0.032983973908396545,1.9985033165420256,19.070746953925067,0.03371813395988746,0.02117101069711816,0.08631280038251751,6.891436130874186,0.04784272674002749,1.2835272390162427,0.016299305648837734,0.039962755017894085,0.12795338591822694,0.6647820067514271,0.02008353100077357,0.001253674965183931,0.0022805529691967284,0.0015956123103059337,0.0403263192918746,0.06841611628358216,0.1422589481613342,0.06785775204025166
Michigan,6024673168.0,0.7453547966847494,0.0568257547676485,0.16002405505140127,0.005145191969025995,0.2243768672964416,0.0599632195682951,1.1491253548045741,5.0313077331732865,2.388915538891649,71.19350913144838,0.33133361731979283,0.3625851127664026,1.2141692251957514,0.2933504856972517,0.2566038671838339,0.6805482863000013,0.31794508186647447,0.6521796436808802,0.009047891594358055,0.02506290313008395,3.859821984524778,0.7035038717970833,0.6842428321107791,15.858640035027374,0.4088289172707673,3.1838450925243613,0.2876978617872031,0.20475952231770925,0.6807903327652058,1.026743613720956,0.6046686308985926,0.01095679353207364,0.15507890951503556,0.03149641394787775,1.0344546975181772,0.5094510547563699,0.7953336999332036,0.11012613987494567
Minnesota,6167050066.0,1.8248224008990326,0.13591230669927887,0.019156053470349304,0.0006016977258637355,0.3059221610696164,0.07986818571743373,1.4026493459330003,5.99954900706655,0.9166409037780767,26.686698881747006,0.33522204475263195,0.35837116228139926,0.6956612038863774,0.1641955536541934,0.2096449666426914,0.5431705376396728,0.6665188679238427,1.3356220902780003,19.155877884944065,51.83726320992057,0.08897829522542286,0.01584306904506327,0.355898105253589,8.058187685872436,0.29621956262203664,2.253616826726115,0.5338144572156786,0.37115372430965443,1.1138827741058999,1.641134349759631,0.25427444866470855,0.004501163393019874,0.17015148086626233,0.033759819974193805,0.8528724269984526,0.4103279319801779,0.5191359075047743,0.07022279620974298
Missouri,12767420995.0,2.0100090717738013,0.0723120198168103,2.046481556907717,0.03104948917680771,3.1425809433697416,0.3962996130527456,2.7134873623677365,5.606238764119331,4.852623934002076,68.24118397452436,1.1854945233992207,0.612173226140257,0.3267160318399388,0.03724846233129168,0.3740623549010074,0.46813386997582906,0.34445095471656045,0.333405556350576,4.138309646857418,5.409252857491444,2.7543213301037826,0.23688858550089661,0.5986672825027559,6.5474399201481015,2.2502425494790446,8.269323228343971,1.8729519359479574,0.6290199487543412,3.5476153198111087,2.5247330461354465,0.14865110578501872,0.001271055447012774,3.3038246233207476,0.3166326309427067,0.9916466854668158,0.2304508248887739,0.5654054045513832,0.0369429268592862
Mississippi,4833442810.0,0.8397237992837308,0.07979864770552648,2.6714953598284503,0.10706503011256277,0.6190993597656927,0.20622633579893335,1.0834758303324625,5.913023557632618,1.9090376384451408,70.91383998396786,0.04905195062986209,0.06690793968450823,0.04896259841104566,0.014745141879520862,4.541935043740435,15.014593334973172,0.007289991186008052,0.018638846789210278,0.0023990402847520052,0.008283205485987741,3.060535709478771,0.6953021546147145,0.09857248135451509,2.847660961566234,0.09601297483685571,0.9320026691285088,1.4047350405513839,1.2461743185495557,0.7888063443226175,1.4828455992427476,0.18537122013977406,0.0041868293048035465,1.1656420688239306,0.2950872816885569,0.20288088557588185,0.12454004809048314,0.16847997609249488,0.029078113784488945
Montana,582921727.0,2.3574992540880757,1.85762041427562,0.5892932120934679,0.19582629144307054,0.19352280277642123,0.5345179044938909,0.8908453880063373,40.31243752216496,0.039364202640070386,12.124513245326332,0.038112294960929695,0.43105512860734385,0.24258943669212657,0.6057629757897153,0.6735352069049765,18.462023461342007,0.01876907032326268,0.3979065957855436,0.1757267047841557,5.030892080644645,0.14607002240219485,0.275158897962985,0.04851711428134093,11.621813334811588,0.022473308814626777,1.8088418241442559,0.06230226112948563,0.4582838271869732,0.16345221119934794,2.5477844300698025,0.14600749937825785,0.027344151473015863,0.8686189436318955,1.823311691382538,0.1451039854982026,0.7385732595964809,0.5215168475187121,0.7463329634992315
North Carolina,4134291551.0,0.7305844941780988,0.0811680298451211,1.3171463244645698,0.06171386242421296,1.4602038646567457,0.568660088675009,1.58601185558595,10.119342500139028,0.5243316982336425,22.770790627291202,1.5668620079692652,2.4986625574341357,0.35101156531284633,0.12358376125564156,3.9500863430233473,15.266332894382757,0.43495576099770406,1.300147445745536,0.0003319470148525013,0.001339939366071089,0.7791763880307383,0.2069509345060701,1.0184802333433594,34.398593192006835,0.4148412471166018,4.707871992068902,1.4246339009684323,1.4775532457362488,1.745684786753625,3.8366028869355855,0.9643273436931072,0.025463782295309146,2.628961394571323,0.7780812892167507,1.9756508573179576,1.417860745351193,1.7805734386016976,0.3592802253243895
North Dakota,454707563.0,0.06822254312875319,0.06891462238555289,0.2987899343986089,0.12728686459081395,0.6518528640656326,2.3081166565069866,0.27015497324955984,15.672120236979653,0.03921945501077585,15.486114753714798,0.16820952025180672,2.438913249393215,0.017743993781662477,0.05680156237031843,0.027913449333150764,0.9808680046080518,0.017363973797883767,0.4719169362045557,1.45081898302825,53.24741519639073,0.08556523699047235,0.2066321470003788,0.007869215708498068,2.4165091795493185,0.02196354152076718,2.266282296254659,0.010434357010313665,0.09839532842782295,0.13409426129441213,2.6795393328436896,0.05267518586998788,0.012646589737941085,0.08633133174444649,0.2323154673369706,0.1522527422531419,0.9934761080716838,0.128493921433892,0.23573546763285308
Nebraska,1036171230.0,0.5814911539455859,0.2577669522825875,0.40395231606221377,0.07551763428135329,0.6934638991501548,1.0775382173079637,0.25764685572796825,6.5590400536405555,0.09028777394139391,15.644817893660298,0.047299965782381596,0.3009589447875328,0.022501767467513364,0.03161012297166367,0.02586224861165202,0.3988081197737945,0.1142753929494058,1.3629182697921463,0.9972415113782754,16.061507227912514,0.7087089113124595,0.7510503838250749,0.32473620369531503,43.76111272651336,0.1854716626502955,8.398270332211405,0.5991241367454895,2.4792838534997736,0.21748424793549226,1.90712166366557,0.03125244746565075,0.003292699026202455,0.10817486935612655,0.12774288280519042,0.24458102856449834,0.7003509448916083,0.12581377558596024,0.10129107715140864
New Hampshire,1814885113.0,0.015784627335718865,0.0039948534196831,0.010627281018153198,0.0011342866748171954,0.07783603855453078,0.06905131300176134,0.3855737060588357,5.604091756082414,0.5406403371607088,53.485049662204155,0.04068585781882192,0.14779927284576277,0.03025714330247812,0.024267211012160637,0.02251772110569691,0.198246047324319,0.26128260340466125,1.7791393939325348,0.03746253089871116,0.34448114402490004,0.48730499474972505,0.2948386628812465,0.3783130438133203,29.10659171845882,0.23996168883018723,6.2034971356338415,0.45511799469568814,1.0752658038911358,0.17062615911131696,0.8542374329344118,0.5997469062889161,0.03607600256953565,0.14347738800103232,0.09673334071807993,0.3733873302690569,0.6104286668420097,0.14157854258691516,0.06507629554841139
New Jersey,9555689500.0,0.08579546497959709,0.004123993354953612,7.251045049522273,0.1469901988757588,9.122175191381633,1.537010144584543,2.2608928688497154,6.241154309168376,2.822210143136979,53.02740997392183,3.302491710520787,2.2785452896936427,0.5134079825052209,0.07820628746884252,2.2495926167078033,3.761586801245478,1.8710826166478591,2.419800455006413,0.09759376460775541,0.17044235269469565,3.0207659950511236,0.34712649463965944,1.6118006838258536,23.552579748431548,0.5603945617005109,2.7515391537157,4.7143894982031584,2.1154579478539985,1.1269595660006577,1.0715894441735472,0.5078820416592432,0.005802302387493859,0.4889518642054366,0.06261032236344641,1.2022974503359631,0.37331408685893364,0.6267000452032166,0.05471069356115014
New Mexico,8248561688.0,2.439937802446208,0.13586768728788343,1.0853553414105144,0.0254884558002229,0.28068846817750437,0.05478815787453683,0.770000348483282,2.4624060009818285,0.06335751836443464,1.3790913289221194,0.157423256349283,0.125825488037497,0.14172166669718794,0.025009160118194897,0.22265235398877364,0.4312988536141502,0.09364758518261498,0.14030300599965642,0.0003960749812216452,0.0008013397062443112,0.1290445280802272,0.01717884952065597,0.5778950080331126,9.78272607421882,14.9054934611016,84.78361814489469,0.27110108865619226,0.1409269329574298,0.2271901794056336,0.2502611580153585,0.37164287863639006,0.00491866358458881,0.9734800849377794,0.14440781860586602,0.19310402788377448,0.0694604491875869,0.25335182068961665,0.02562243067266735
Nevada,1939352508.0,1.5676201911513536,0.3712784535198074,0.5900691182126889,0.05893807316024055,0.2407770658696971,0.1998935203377683,0.5315832691248981,7.230386503823779,0.406573664544313,37.6405173886005,0.049989289142719315,0.16994099764765405,0.049860855420640775,0.03742346979242414,1.405784875074384,11.58220772517752,0.09265420535717778,0.5904144786864091,0.0,0.0,0.26275275553795724,0.1487726954278907,0.315248530863403,22.69789025894822,0.3605481029018109,8.72268668548833,3.404310522853505,7.526851998172165,0.2899779260253442,1.3585959175194982,0.15086693527148948,0.008492525176346126,1.369664644387581,0.8641703316373053,0.4167284649158518,0.637559749916285,0.3579681336029042,0.1539792269678494
New York,10514496456.0,0.3760641416437242,0.01642816664809764,0.4001832604558047,0.007372592717529943,3.8987754219443804,0.5970079238952002,3.3322018089810994,8.359682488631389,2.560151794422454,43.71699815807138,1.7432397269970745,1.0930665246875995,2.6078069719923973,0.3610173264963056,1.1521825441644504,1.7509028584525874,1.1269352608548056,1.3245217931528113,3.9846245486338825,6.324357421990842,1.0301116639310854,0.1075792554340084,2.0511665206988403,27.23965589779262,1.0343909682287618,4.6157263738774335,4.951396428934524,2.019203942751322,1.1521340162158764,0.9956269464550761,4.7519768652379035,0.04933843500455692,2.4672978531721026,0.28712761591899477,3.5921570959207263,1.0136577005471388,1.5216824740109614,0.12072857747511329
Ohio,5968122198.0,0.5870249827726431,0.04517878338522586,0.25031567712067404,0.008124565548649312,2.5673849025142688,0.692617772033092,1.3311017521491033,5.883293494185924,1.210057056599206,36.40334053026037,0.4831184938713726,0.5336959590182976,0.7516317183798529,0.18331942002907362,0.15190632557223796,0.4066936499412474,1.172905364371287,2.4287000699914287,0.0012754226792847996,0.0035664316670883283,2.23445404042288,0.4111179393783585,1.6339137296204984,38.227913275042496,1.225602786444863,9.635091590328058,0.8483423000235677,0.6095009417231776,1.613889287117188,2.457073533935707,0.8393880866417726,0.01535410920887448,0.36864891527114146,0.07558178017051385,3.73556565854368,1.8571336062311639,0.8778428253844833,0.12270254792125489
Oklahoma,3795569616.0,3.7217343630882076,0.45038515241397165,3.630633025511122,0.185291371559973,2.298329773199437,0.9749351676757654,0.99110128051919,6.887919164963618,0.8383971933870816,39.659382761799414,0.21686060160505302,0.37668788736557324,0.09429300958711664,0.0361612653398372,4.227950303053851,17.79844872696441,0.17443796505953246,0.5679533556472647,0.019635279824073433,0.08633315500753024,0.44970106694205747,0.13010070950046304,0.6093502413647975,22.417088318266273,0.4632175590641876,5.726006897195059,0.9477495191155958,1.0706747895939528,1.0597277926362791,2.5368774318905816,1.6069600312542793,0.046219755596230906,2.457339098016595,0.7921911608009878,0.2522250588394716,0.19716769173336118,0.2737916788467276,0.06017523668573914
Oregon,1273462149.0,22.78356510314594,8.217719158922563,0.2482145873633689,0.03775644218224817,0.3788895420651802,0.47903465405629425,0.5510952470469651,11.415306855736,0.26070857499666356,36.75719575706054,0.1895679699997897,0.9814244584979809,0.19551231924691934,0.22347511484615,1.019521579039207,12.792034465093474,0.05465642768254532,0.5304003739179843,0.008208835098487586,0.10757539995010876,0.37350111312480255,0.3220613194683967,0.11437386262990841,12.540935207647072,0.26993834593904115,9.945402311286127,0.412814573841822,1.3899844619567094,0.3673631558529138,2.621148812802288,0.37974315980582407,0.032553931840497916,0.5936358244026584,0.5703952807473668,0.3095479048265148,0.7212175883839325,0.47991488955793016,0.3143784056042642
Pennsylvania,13593266303.0,1.7141003223425901,0.057919934947955824,4.085411580407605,0.05821860488566638,4.018412675578401,0.4759606672733336,2.367094312867326,4.5934469249837075,4.166388651961917,55.03120859442784,25.421198042609973,12.329632934728211,1.575710080169675,0.16873049117663563,0.9021329550386129,1.0604152437459975,4.803579309430295,4.367066044082342,4.164046808742533,5.112216721941462,4.332163635832311,0.34995623523907066,1.167943001901717,11.997396178724742,0.8155063384193677,2.814798625077742,0.7488746079263434,0.23622521095546584,1.246204522545122,0.8330050223102733,1.845054985822447,0.014817844034700217,0.9490991307847048,0.08543377832182238,1.6761806816849685,0.36586552408690787,0.7770248442243743,0.04768541905612073
Rhode Island,402292574.0,0.12536131784199442,0.1431321474007621,0.006667217251989145,0.003210350087148266,0.0011228818187549669,0.004493992971393999,0.06123268349442864,4.015024895786419,0.11399700698056248,50.87735549401417,0.024521508403509373,0.40186772127690334,0.006149917474947292,0.02225196431291819,0.007274713604589943,0.2889369765000932,0.06247761271225765,1.9192477065211748,0.0003948825437980366,0.016381112717233505,0.05865327553993694,0.16009691493833045,0.08679695403922394,30.126705744262633,0.03331720955492362,3.885710303964,0.22574915667729756,2.4061632318373345,0.16340624036847054,3.690699992886272,0.0665179370893124,0.018050793052918745,0.01919489252374971,0.05838288230495649,0.23074286060103294,1.7018086940874033,0.12561466465236087,0.26047908107794204
South Carolina,5761216240.0,1.1297375340343916,0.09006976624088667,3.6538766536002285,0.12285405902417577,2.7781314788911424,0.7763882856790669,0.8351149561974894,3.8236580927224493,0.38426528325148485,11.975401135090879,0.40492489849550883,0.4633810446941321,0.0418476471912584,0.010572993177565576,0.26089104479527137,0.7235594753513366,0.6918525053231219,1.4840480453828617,1.065400527438298,3.086144168058514,0.3793854921698777,0.07231014817801736,0.27019690013976033,6.548704028509092,8.256826953982584,67.24234042983952,2.5415706334412986,1.8915985524612071,0.15873566118099391,0.2503470343616194,0.17655919878390441,0.003345613008964232,2.781800859095786,0.5908180075532107,0.787373304433042,0.4055001240501953,3.031542121984533,0.43895899661631166
South Dakota,378921776.0,0.8149299906319188,0.987839505956501,0.07066630801184966,0.03612539808216248,0.5432915144625278,2.3084672230608354,0.25183450456910017,17.53124000981142,0.06270408017821222,29.711141225095496,0.0547561130925426,0.9527106196187574,0.22471120243652531,0.8632095612261671,0.005976636613120774,0.25202088148135354,0.04347311617696463,1.417815850203341,0.10176872172157571,4.482107146040612,0.04138380920741826,0.1199260714960863,0.07602204436865143,28.014260125287706,0.04134910239756831,5.119886538270632,0.05334106197463481,0.6036053203762035,0.24925493458209177,5.976904584127147,0.11335355579259873,0.032657663886807076,0.2900099242424331,0.9364943438880113,0.049659267658880464,0.3888438441183702,0.12025449283062965,0.2647440879723946
Tennessee,7176022475.0,0.3726850182970897,0.02385469117416609,2.5963847565535443,0.07008661159467731,3.3878749393942567,0.7601231070559042,0.805556845630627,2.9611429136445118,0.5169673290416376,12.93458216210506,0.30828565881310993,0.2832353726707078,0.3688074965552548,0.07480954830760896,3.522154381276052,7.8424875334577315,0.18783685942433961,0.3234786691495138,0.9947722371284877,2.3134352293120433,0.8262029720488189,0.12642578854241954,1.099535552132619,21.39511685406197,7.043469559078544,46.05180597626264,0.31466630336779994,0.18802145683079122,1.2079487350788725,1.5294906806991293,0.18916716780076404,0.0028778059254893846,1.008435841846498,0.17195164930137707,0.5217394944330144,0.21572198322859906,23.495621327004894,2.731351966675662
Texas,37440233697.0,1.1542241496546914,0.014160130630874786,4.563406919003175,0.02361024258432529,5.815755176102588,0.2500966760992811,4.014450500495826,2.8283589295139757,14.41515991241073,69.12800284970935,1.3069096806711245,0.23013622376749235,2.67453829630927,0.10398036859240922,14.039741180658796,5.991696272931519,2.3531233287426474,0.7767025984757704,2.200542075868876,0.9808635703826439,5.0139400042554945,0.14705279738788485,2.2455263444511235,8.374690778843192,5.965312840871104,7.475469743727226,5.693157634341066,0.6520120519962469,9.987339011354017,2.4237809233351912,3.6850719136971515,0.01074501305883235,9.240246531592556,0.30198604238162,3.2538772265915084,0.25786184931782585,1.292260287215328,0.02879293726434135
Utah,1877256951.0,3.7390512544606263,0.9148572863640977,0.5228538630331697,0.05395185776036048,0.07679153921573979,0.0658612556656875,1.2712911878188915,17.863571037591004,0.34490564158728587,32.98752052403507,0.12126584563850852,0.42588538536193177,0.31648359636918344,0.24539661432847718,0.0797431207710136,0.6787326579460885,0.22237466317153737,1.4638959246021723,0.03809805210831171,0.3386854418950557,6.645841280200971,3.8873975116259936,0.27964751807203386,20.800626935593115,0.1600214897421539,3.9994327872913544,5.822597384992353,13.29945993099162,0.42357204404985155,2.050150246054409,0.2389001278292703,0.013892877043873575,0.4032542327915098,0.26284340017340546,0.36792152607957346,0.5815083542071806,0.14926535144069342,0.06632997146910018
Virginia,82211810973.0,0.8822509842613864,0.0049291676609956635,3.6371722156722486,0.008569972996111097,5.905322127906498,0.11565109060938433,8.99897993767901,2.8873938986450454,5.2183140139267294,11.396436913519686,23.676160766752137,1.8986942004143996,40.546003809208784,0.7178850751673977,12.071261239999759,2.346106232392142,54.80752112460409,8.238621757431456,1.7770575782244662,0.3607320778974175,19.599465968491323,0.261783778331658,35.74872903956414,60.71773576596408,15.217125799222634,8.684448226477825,14.106152508692757,0.7357246809690711,6.570323146160048,0.7261638698070576,7.835587100922835,0.010404874796894227,7.300051116831574,0.10865095531022392,18.968246809729074,0.6845693621623707,9.411404069491596,0.0954980994467869
Vermont,492552592.0,0.06137851751669203,0.057237339642301585,0.03859552175071348,0.015178683700846305,0.011774762719152973,0.03848929090601558,0.11307103880303646,6.05544047162379,0.16250681171372947,59.23686378651723,0.03962262672599908,0.5303573755226528,0.10094814939847407,0.2983230671944165,0.0007005960785691775,0.022727116214221445,0.021523574806233573,0.5400207090982073,0.014529514446391252,0.4922842838272994,0.012090138166759032,0.02695326390648656,0.09105607819269247,25.813417707078067,0.004618526849757285,0.4399412438783796,0.5712781019579798,4.973200100427042,0.04755106305596743,0.87718206546358,0.007854790345798559,0.0017409308445990271,0.07151946506878816,0.17766975835952964,0.0394230307168199,0.23747717888367137,0.097715758492669,0.16549562691165373
Washington,12829062369.0,3.565761074599977,0.12766533148654927,1.5669313086440866,0.02365946093873885,1.0806990014909292,0.13562825949030194,3.2031530558393757,6.586121531700536,4.395327020182293,61.513349089869095,1.643187524304027,0.8444426715219441,0.4144456165761423,0.04702336637303474,0.7208222096893946,0.8977646119977329,0.6202902034067082,0.5975147426613934,0.9507121956430119,1.236720692724851,1.3070758118507197,0.11187642235399597,1.5526551356198317,16.899321350551617,2.668281676008786,9.758443945405688,0.4291170512333156,0.14342399678764864,0.6679692584321997,0.4730899052035001,6.626886466448137,0.056391564651532014,1.2738416193123525,0.12149611212167613,1.5542174793312535,0.3594523720722586,1.0244473307125308,0.06661457208790658
Wisconsin,3798193787.0,0.6622006257223786,0.08008074812850512,1.210086767160155,0.06171478158968406,2.885914345131435,1.2233385815919666,0.584593363644267,4.059978443643323,1.390153738775101,65.71413708649722,0.29442705475153863,0.5110678414155386,0.9768904625652479,0.3743775804349184,0.06538789504221212,0.27507395846308885,0.11055778859168916,0.359716901406221,2.2143815944894953,9.729551537492418,0.8717466907261743,0.2520263192668953,0.1615234498016572,5.938101809653664,0.14772102606960344,1.8247736920959796,0.18059919007634245,0.20388235656918574,2.619416358572779,6.266276270963739,0.024004056094653198,0.0006899332016626249,7.059400515057801,2.274220480683441,0.9761842765045431,0.7625690426626986,0.4025928376814715,0.08842263423985744
West Virginia,563110309.0,0.177182235016102,0.14452479150048736,0.3364665520294199,0.11574392966760622,1.1314532721205999,3.2350686373244857,0.10452044928361422,4.896150462768388,0.06751733387877111,21.52756468182507,0.02053177536324974,0.24038700381882017,0.0883948101758907,0.22849377456522466,0.016208319661389525,0.45991095503101503,0.06295281049535666,1.381561636443065,0.00023953611059676045,0.007098964334535029,0.1912066657204001,0.37285696362557624,0.19892271701333364,49.32647503706063,0.06683169963869405,5.56843099812616,0.5413120370646712,4.121878365398564,0.38950863787746526,6.285006584740042,0.6143627704005852,0.11910526042242994,0.07930570850309311,0.17232680426740332,0.2803382600516477,1.4771118317423666,0.21621229717445176,0.320303317338131
Wyoming,149565124.0,0.7347626242048536,2.256484606665388,0.2471242921379565,0.32006258357396206,0.167456466836451,1.8026522011909674,0.12254142569046202,21.612228931124346,0.007308327502887607,8.773255187486088,0.13314045847872533,5.868912996053813,0.021718583535629284,0.21136946337837423,0.09150031496469775,9.77510639445597,0.04231334227721726,3.4961947412285768,0.0,0.0,0.30257319501595037,2.221430980126089,0.02881641686232048,26.902882787032624,0.033175589412317595,10.40715748679485,0.009291176999246536,0.2663675791155698,0.05586822860197763,3.394037904184133,0.034565657574193415,0.025229812265592077,0.20025445315724463,1.6383010520554242,0.03526927163529151,0.6996657857215429,0.058925328428719975,0.3286595075466925
United States,0.0,100.0,,100.0,,100.0,,100.0,,100.0,,100.0,,100.0,,100.0,,100.0,,100.0,,100.0,,100.0,,100.0,,100.0,,100.0,,100.0,,100.0,,100.0,,100.0,
